Disease,PopularityDiff
Zika,8.87844553325202
Monkeypox,0.3923190166246897
HIV,-2.6847357023086555
Anthrax,5.290593272582701
West Nile Virus,-3.937826205627468
