Disease,PopularityDiff
MRSA,5.867924528301884
Anthrax,4.018867924528301
